[
  {
    "title": "Fulfillment",
    "author": "Alec MacGillis",
    "UUID": "978-0374159276",
    "date": "March 16, 2021",
    "summary": "A New York Times Book Review Editors' Choice"
  },
  {
    "title": "Blessed Monsters",
    "author": "Emily A. Duncan",
    "UUID": "978-1250195722",
    "date": "April 6, 2021",
    "summary": "The unforgettable conclusion to the New York Times bestselling Something Dark and Holy trilogy!"
  },
  {
    "title": "A Desolation Called Peace",
    "author": "Arkady Martine",
    "UUID": "978-1250186461",
    "date": "March 2, 2021",
    "summary": "Now a USA Today bestseller!"
  },
  {
    "title": "Gathering Dark",
    "author": "Candice Fox",
    "UUID": "978-1250317636",
    "date": "March 16, 2021",
    "summary": "Gathering Dark is a new standalone thriller set in Los Angeles from #1 New York Times and Globe and Mail bestselling author Candice Fox."
  },
  {
    "title": "The Silent Patient",
    "author": "Alex Michaelides",
    "UUID": "B07D2C6J4K",
    "date": "February 5, 2019",
    "summary": "An unforgettable—and Hollywood-bound—new thriller... A mix of Hitchcockian suspense, Agatha Christie plotting, and Greek tragedy."
  },
  {
    "title": "Crave Kindle Edition",
    "author": "Tracy Wolff",
    "UUID": "B07VJ9DJFL",
    "date": "April 7, 2020",
    "summary": "Discover the New York Times bestselling series!"
  }
]
