[
  {
    "name": "홍길동",
    "age": "39",
    "createdDate": "2018-10-04T12:11:30+09:00"
  },
  {
    "name": "김삼순",
    "age": "33",
    "createdDate": "2018-10-04T13:12:30+09:00"
  },
  {
    "name": "홍명보",
    "age": "44",
    "createdDate": "2018-10-04T14:13:30+09:00"
  },
  {
    "name": "박지삼",
    "age": "22",
    "createdDate": "2018-10-05T14:14:30+09:00"
  },
  {
    "name": "권명순",
    "age": "10",
    "createdDate": "2018-10-06T14:15:30+09:00"
  }
]
